{
    "0": {
        "1": 167.2423391369542
    },
    "1": {
        "0": 167.2423391369542,
        "24": 246.85623346393342
    },
    "2": {
        "3": 218.19715855161817
    },
    "3": {
        "2": 218.19715855161817,
        "4": 267.6060537431842
    },
    "4": {
        "3": 267.6060537431842,
        "7": 266.9475603934226
    },
    "5": {
        "6": 175.025712396779
    },
    "6": {
        "5": 175.025712396779,
        "7": 183.92661580097646
    },
    "7": {
        "4": 266.9475603934226,
        "6": 183.92661580097646,
        "22": 449.91110233022704
    },
    "8": {
        "10": 165.01212076693034
    },
    "9": {
        "10": 130.96946208945045
    },
    "10": {
        "8": 165.01212076693034,
        "9": 130.96946208945045,
        "11": 293.53705047233814
    },
    "11": {
        "10": 293.53705047233814,
        "13": 303.29028998634294
    },
    "12": {
        "13": 180.5602392554906
    },
    "13": {
        "11": 303.29028998634294,
        "12": 180.5602392554906,
        "14": 123.06502346320826
    },
    "14": {
        "13": 123.06502346320826,
        "15": 193.70596273734063
    },
    "15": {
        "14": 193.70596273734063,
        "16": 195.54283418218117
    },
    "16": {
        "15": 195.54283418218117,
        "17": 145.0
    },
    "17": {
        "16": 145.0,
        "20": 81.32035415564789
    },
    "18": {
        "19": 221.20578654275752
    },
    "19": {
        "18": 221.20578654275752,
        "20": 242.86004199950224
    },
    "20": {
        "17": 81.32035415564789,
        "19": 242.86004199950224,
        "21": 323.80549717384355
    },
    "21": {
        "20": 323.80549717384355,
        "22": 294.15642097360376
    },
    "22": {
        "7": 449.91110233022704,
        "21": 294.15642097360376,
        "23": 156.32018423735306
    },
    "23": {
        "22": 156.32018423735306,
        "24": 95.85927185202274
    },
    "24": {
        "1": 246.85623346393342,
        "23": 95.85927185202274,
        "25": 320.2639536382451
    },
    "25": {
        "24": 320.2639536382451,
        "26": 234.82759633399138
    },
    "26": {
        "25": 234.82759633399138,
        "27": 121.65936051122412
    },
    "27": {
        "26": 121.65936051122412,
        "28": 197.6916791369834
    },
    "28": {
        "27": 197.6916791369834,
        "29": 290.077575831018
    },
    "29": {
        "28": 290.077575831018,
        "30": 325.46735627402023
    },
    "30": {
        "29": 325.46735627402023,
        "31": 266.47513955339247
    },
    "31": {
        "30": 266.47513955339247
    }
}